Age Pensioners-Count,Persons Aged 65 Years and Over,Age Pensioners-Percent,SAL2 Code,SAL2 Name,Children in Welfare-Dependent and Other Low Income Families - Count?,Children in Welfare-Dependent and Other Low Income Families - Percent?,Disability Support Pensioners - Percent,Disability Support Pensioners - Percent,Health Care Card Holders - Count ,Health Care Card Holders - Percent,Pensioner Concession Card Holders - Count,Pensioner Concession Card Holders - Percent,Seniors Health Card Holders - Count,Seniors Health Card Holders - Percent,People Receiving an Unemployment Benefit - Count,People Receiving an Unemployment Benefit - Percent,People Receiving an Unemployment Benefit Long-Term - Count ,People Receiving an Unemployment Benefit Long-Term - Percent,Young People Aged 16 to 24 Receiving an Unemployment Benefit - Count ,Young People Aged 16 to 24 Receiving an Unemployment Benefit - Percent,Welfare-Dependent and Other Low Income Families With Children - Count ,Welfare-Dependent and Other Low Income Families With Children - Percent,Total Families
710.5793826,900.3721058,78.92063492,208031187,Chelsea Heights,159.2086549,15.93559517,5.192974973,186.6485667,320.1323043,6.969508401,1031.569184,22.72240761,50.87816979,5.650793651,117.19129,3.260520274,14.86328556,2.870263618,161.2094818,4.485203499,101.4705072,7.352941176,1379.998897
1382,1962,70.43832824,212041313,Dingley Village,577,29.19086035,2.89184765,192,511,5.93082637,1715,19.57539094,222,11.31498471,117,1.762219662,null,null,160,2.409873042,317,10.82280642,2929
1146.447077,2125.974657,53.92571697,206051130,Port Melbourne,309.8505613,14.45816876,4.55546336,560.7295641,611.704979,4.23265786,1953.058054,13.45266781,275.8669513,12.97602257,276.8664693,2.249310786,31.98457407,3.002204628,356.8279044,2.898931229,199.9035879,5.28262018,3784.174919
476.2821746,1963.043963,24.26243037,206061135,Armadale,60.75027737,5.018450597,1.708351556,107.32549,299.7013683,3.999783795,632.2078865,7.596107056,250.6961446,12.77078605,87.07539756,1.386021074,null,null,117.4505362,1.869516797,40.50018491,1.862197393,2174.85993
712,868,82.02764977,213011339,Sydenham,563,19.77559842,4.219233192,361,1032,9.050249934,1501,15.59966743,39,4.493087558,337,3.938730154,65,3.936871777,438,5.119180437,302,10.08347245,2995
1375,1778,77.33408324,213011340,Taylors Lakes,638,18.41003085,3.100545668,418,1389,8.19614091,2254,14.48027753,127,7.142857143,364,2.699996706,73,2.350669736,488,3.619775803,332,6.697599354,4957
1891,2482,76.18855761,213021341,Altona,297,14.49472008,5.466370896,446,682,6.681034483,2595,24.13055607,204,8.219178082,277,3.395033045,39,3.571500453,374,4.583907433,177,5.321707757,3326
1844,2309,79.86141187,213021342,Altona Meadows,1006,29.52824373,5.440548275,744,1647,9.641728135,3332,20.5755218,80,3.464703335,620,4.533790229,99,3.895962329,783,5.725738306,558,10.86237103,5137
2091.884799,2576.420985,81.19343891,206011105,Brunswick,365.041548,12.20096662,3.883102844,775.2578983,2048.167248,8.921826896,3283.188054,14.49573749,133.3385295,5.175339367,665.9640216,3.335672932,76.50571365,2.269893363,877.9941423,4.397686961,222.2308825,4.224961906,5259.94997
779.1152012,959.5790148,81.19343891,206011106,Brunswick East,135.958452,12.20096662,3.883102844,288.7421017,762.8327518,8.921826896,1222.811946,14.49573749,49.6614705,5.175339367,248.0359784,3.335672932,28.49428635,2.269893363,327.0058577,4.397686961,82.76911751,4.224961906,1959.05003
669,943,70.94379639,206031115,Flemington,529,31.64790904,6.540965483,470,1066,12.03567799,1542,18.80946572,48,5.090137858,442,6.151290944,44,3.104092421,536,7.459484041,266,12.71510516,2092
92.44740074,387.7372668,23.84279476,206041118,Docklands,38.6044091,8.913062881,0.925119635,64.679317,232.9809953,3.137970353,189.6356938,2.562225476,60.95433016,15.72052402,70.43611485,1.007460126,8.465879188,0.541010969,103.9609964,1.486972398,29.79989474,2.278612118,1307.809017
187.1484912,864.2121434,21.65538782,206041119,East Melbourne,37.78959919,8.872029563,1.19585381,48.58662753,142.6107493,3.176989377,246.9820233,4.985923168,101.6720169,11.76470588,47.23699899,1.162635649,null,null,64.78217004,1.594471747,26.09281849,2.416666667,1079.702834
4.888934259,6.322172315,77.32997481,206041120,Flemington Racecourse,4.904859126,40.07133022,4.020224926,2.675377705,5.76480196,7.31682668,8.941812985,12.19326819,0.41404655,6.549118388,2.094120049,3.146783201,null,null,2.563903634,3.852715554,2.404654961,12.64656616,19.01429155
951.7091282,1150.345666,82.73244782,213031351,West Footscray - Tottenham,402.5118423,23.90702213,5.408963728,470.1792344,1166.935092,11.2462134,1748.4381,17.61833539,38.41761618,3.339658444,513.8356164,5.911188773,52.82422225,3.553188032,640.4391243,7.367641401,241.8563564,10.22517534,2365.302778
874,1128,77.4822695,213041358,Melton West,1352,33.44910001,5.53947505,594,1468,9.942431426,2299,18.97960868,45,3.989361702,528,4.923977822,138,6.472680932,690,6.434743745,687,17.92797495,3832
248.8929292,313.965379,79.27400468,213041359,Rockbank - Mount Cottrell,261.7603628,38.879015,7.817306111,160.8061555,293.5245417,10.75054534,587.9314216,24.4227245,9.558664934,3.044496487,126.6890745,6.158764714,30.88184056,7.932926094,161.762022,7.863773866,135.5124575,19.38571579,699.0325194
228.8515088,1056.787857,21.65538782,206041125,South Yarra - West,46.21040081,8.872029563,1.19585381,59.41337247,174.3892507,3.176989377,302.0179767,4.985923168,124.3279831,11.76470588,57.76300101,1.162635649,null,null,79.21782996,1.594471747,31.90718151,2.416666667,1320.297166
1315.706056,2332.808299,56.40009326,206061136,Prahran - Windsor,228.4400759,12.58927819,3.253271946,530.307319,995.8899499,5.497507957,2098.385269,11.21772505,201.7887337,8.650034973,357.3455473,2.192204789,33.72210644,1.369915137,494.9534978,3.03638715,151.749479,3.95240119,3839.42499
688.2420099,817.4120682,84.19768151,213041360,Taylors Hill,793.4732157,16.18300771,2.857558611,323.174509,1182.978295,7.296665436,1445.308221,11.64650565,39.39936143,4.820012203,304.2229174,2.689985729,49.87260941,2.603014135,409.9528494,3.624866015,423.91718,10.07228345,4208.749508
414.1407636,648.467954,63.86449184,206071141,Collingwood,505.6748223,56.45664292,6.857793625,398.6816781,707.0497516,10.53844288,1111.426882,17.10386277,46.78407447,7.21455458,336.4385181,5.78713809,29.69771684,3.839457123,421.8703063,7.256665296,268.9067237,19.6084248,1371.383609
603.8592364,945.532046,63.86449184,206071142,Fitzroy,737.3251777,56.45664292,6.857793625,581.3183219,1030.950248,10.53844288,1620.573118,17.10386277,68.21592553,7.21455458,490.5614819,5.78713809,43.30228316,3.839457123,615.1296937,7.256665296,392.0932763,19.6084248,1999.616391
1714.853002,2290.101428,74.88109394,214011374,Langwarrin,1060.63556,19.07928432,3.216436954,528.2754781,1543.299625,7.020314629,2795.230816,14.6705731,151.1303558,6.599286564,434.3295812,2.644441723,82.37285161,2.744962213,587.5022392,3.577042644,590.2253086,9.274711168,6363.813362
1158.348251,3171.167471,36.52750166,208011170,Brighton East,174.845019,5.288311409,1.982989124,200.4833511,476.6207969,3.552520284,1429.862391,10.60771413,526.6365595,16.60702452,113.9014426,1.126603884,11.76841474,0.64285134,148.3660858,1.467495096,104.2345305,2.537603602,4107.597044
1381.40664,1825.450906,75.6748174,206011107,Brunswick West,317.6713549,13.52184407,4.238359624,417.9581147,947.2171421,7.757311052,2057.9075,17.44900467,123.47445,6.76405208,325.7870464,3.303686697,38.83938098,2.291147906,434.1894978,4.402956114,179.1249063,5.441098785,3292.072307
1158,1671,69.29982047,208011171,Cheltenham - Highett (West),254,11.07594492,4.283401412,297,484,5.245475236,1604,18.40082597,126,7.540394973,164,2.365245224,24,2.210470022,229,3.302689978,153,5.555555556,2754
2968,3405,87.16593245,206011108,Coburg,742,15.81208385,5.535742846,1046,2149,9.110564694,4682,20.78948537,172,5.051395007,704,3.725777212,101,3.04456546,920,4.868913402,438,6.925996205,6324
1001.59336,1323.549094,75.6748174,206011109,Pascoe Vale South,230.3286451,13.52184407,4.238359624,303.0418853,686.7828579,7.757311052,1492.0925,17.44900467,89.52555002,6.76405208,236.2129536,3.303686697,28.16061902,2.291147906,314.8105022,4.402956114,129.8750937,5.441098785,2386.927693
800.8864542,1075.054299,74.4973026,206021110,Alphington - Fairfield,127.593497,8.34790773,3.984860045,250.1781583,551.7627876,7.067841826,1178.130864,15.88187213,81.45948464,7.577243747,181.3725742,2.888918557,14.23563809,1.668139141,242.7967164,3.867287778,82.25035343,4.022173521,2044.92305
826,1050,78.66666667,212031302,Cranbourne North,982,22.6457213,4.236597108,478,1474,9.437223894,1889,14.99920597,29,2.761904762,452,4.006154588,94,4.287069469,586,5.193819886,510,12.69920319,4016
2237.113546,3002.945701,74.4973026,206021111,Northcote,356.406503,8.34790773,3.984860045,698.8218417,1541.237212,7.067841826,3290.869136,15.88187213,227.5405154,7.577243747,506.6274258,2.888918557,39.76436191,1.668139141,678.2032836,3.867287778,229.7496466,4.022173521,5712.07695
1477,2796,52.82546495,208011172,Hampton,395,9.880590334,5.052532553,571,667,4.359762076,2303,16.06445313,386,13.80543634,204,1.805107953,null,null,263,2.327173488,233,5.218365062,4465
1894,2344,80.80204778,206021112,Thornbury,428,14.05582923,5.07278669,683,1345,8.147071294,2970,18.67102533,136,5.802047782,499,3.706179441,49,2.734375,632,4.693998812,272,6.284658041,4328
180.5525993,757.2627332,23.84279476,206041126,Southbank,75.3955909,8.913062881,0.925119635,126.320683,455.0190047,3.137970353,370.3643062,2.562225476,119.0456698,15.72052402,137.5638852,1.007460126,16.53412081,0.541010969,203.0390036,1.486972398,58.20010526,2.278612118,2554.190983
1098,1529,71.8116416,206031113,Ascot Vale,478,17.34091844,5.127948187,526,1222,9.389887813,2039,17.14165616,135,8.829300196,503,4.903722316,44,2.660999645,595,5.800625801,285,8.263264714,3449
0,0,23.84279476,206041127,West Melbourne,0,8.913062881,0.925119635,0,0,3.137970353,0,2.562225476,0,15.72052402,0,1.007460126,0,0.541010969,0,1.486972398,0,2.278612118,0
2393.882015,3660.014102,65.40636042,206031114,Essendon - Aberfeldie,343.3688141,7.379800875,2.723225858,494.6838848,1250.612592,5.480771956,3162.743635,14.28947061,386.6940694,10.56537102,347.8953334,1.915157531,42.67860967,1.299293444,461.7049591,2.541677467,212.0997571,3.409917871,6220.084036
1308.117985,1999.985898,65.40636042,206031116,Moonee Ponds,187.6311859,7.379800875,2.723225858,270.3161152,683.3874076,5.480771956,1728.256365,14.28947061,211.3059306,10.56537102,190.1046666,1.915157531,23.32139033,1.299293444,252.2950409,2.541677467,115.9002429,3.409917871,3398.915964
477,882,54.08163265,206041117,Carlton,501,41.65751296,2.965495729,422,1257,8.144884339,1158,7.633990375,104,11.79138322,384,2.698460568,26,0.408141751,472,3.316857782,240,11.44492132,2097
609.1110657,787.6778277,77.32997481,206041121,Kensington,611.0951409,40.07133022,4.020224926,333.3246223,718.235198,7.31682668,1114.058187,12.19326819,51.58595345,6.549118388,260.90588,3.146783201,null,null,319.4360964,3.852715554,299.595345,12.64656616,2368.985708
256,778,32.90488432,206041122,Melbourne,132,13.62593669,0.921115546,254,767,2.687079596,590,2.077464789,55,7.06940874,276,1.000897208,48,0.461793369,374,1.356288246,99,2.715304443,3646
727.5691648,991.6764719,73.36759371,212031303,Cranbourne South,396.0110699,20.51448287,3.224955369,170.2757666,489.5428291,6.789456178,1081.910637,16.9683577,70.74838191,7.134220073,141.7965451,2.685570228,30.27790921,3.377195811,195.7571754,3.707563126,212.2451457,11.28466688,1880.827746
780,1239,62.95399516,206041123,North Melbourne,717,39.74483238,4.599152993,693,1751,10.3781413,1839,11.21478229,97,7.82889427,607,4.028406734,52,1.384086033,743,4.930982214,361,11.98141387,3013
237,784,30.22959184,206041124,Parkville,69,16.80987502,1.972377457,115,779,12.48197404,388,5.852187029,91,11.60714286,70,1.200577583,null,null,106,1.818017483,45,5.357142857,840
983,2291,42.9070275,206051128,Albert Park,122,5.616181721,2.003730686,218,433,3.317499234,1281,9.666465439,372,16.23745089,131,1.204076697,null,null,187,1.718796506,80,2.151115891,3719
627,1121,55.93220339,206051129,Elwood,194,8.933804444,2.390163264,306,690,4.607987178,1096,7.816846159,178,15.87867975,274,2.14021155,null,null,377,2.944743629,143,4.253420583,3362
0.552923352,1.025342607,53.92571697,206051131,Port Melbourne Industrial,0.149438744,14.45816876,4.55546336,0.27043592,0.295021004,4.23265786,0.941946147,13.45266781,0.133048688,12.97602257,0.133530749,2.249310786,0.015425935,3.002204628,0.172095586,2.898931229,0.096412093,5.28262018,1.825080917
804,1545,52.03883495,206051132,South Melbourne,270,18.85859309,6.316422799,551,512,5.041851305,1539,14.89979669,129,8.349514563,245,2.808572751,25,2.217704167,298,3.41614155,171,7.086614173,2413
1307.297629,2065.86032,63.2810271,206051133,St Kilda,403.1521995,17.45230367,5.11200224,1065.642071,1452.880368,6.274340113,2717.15152,11.80477312,180.3575629,8.730385164,644.2183539,3.09038631,50.09932304,1.859652414,867.6023942,4.161984125,226.3310594,4.83627204,4679.866175
910.7023707,1439.13968,63.2810271,206051134,St Kilda East,280.8478005,17.45230367,5.11200224,742.3579289,1012.119632,6.274340113,1892.84848,11.80477312,125.6424371,8.730385164,448.7816461,3.09038631,34.90067696,1.859652414,604.3976058,4.161984125,157.6689406,4.83627204,3260.133825
1103.293944,1956.191701,56.40009326,206061137,South Yarra - East,191.5599241,12.58927819,3.253271946,444.692681,835.1100501,5.497507957,1759.614731,11.21772505,169.2112663,8.650034973,299.6544527,2.192204789,28.27789356,1.369915137,415.0465022,3.03638715,127.250521,3.95240119,3219.57501
699.7178254,2883.956037,24.26243037,206061138,Toorak,89.24972263,5.018450597,1.708351556,157.67451,440.2986317,3.999783795,928.7921135,7.596107056,368.3038554,12.77078605,127.9246024,1.386021074,null,null,172.5494638,1.869516797,59.49981509,1.862197393,3195.14007
323.9726248,549.3612453,58.97260274,206071139,Abbotsford,72.62104133,9.659201695,4.377393264,196.4154589,322.4675255,6.155282626,586.9887279,11.56755153,63.21417069,11.50684932,105.733226,2.356412849,9.406870639,1.404569132,138.092861,3.077592582,45.15297907,3.965631196,1138.607622
600.9343922,1083.528352,55.46088304,206071140,Carlton North - Princes Hill,131.7691335,11.53905663,3.614876761,243.3952147,626.5328545,7.955877651,967.2861551,12.29661243,136.8048966,12.62587142,182.546411,2.711157571,15.10728919,1.354500152,247.172037,3.670969676,79.73291517,4.228800356,1885.47362
831.0656078,1498.471648,55.46088304,206071143,Fitzroy North,182.2308665,11.53905663,3.614876761,336.6047853,866.4671455,7.955877651,1337.713845,12.29661243,189.1951034,12.62587142,252.453589,2.711157571,20.89271081,1.354500152,341.827963,3.670969676,110.2670848,4.228800356,2607.52638
1981,2948,67.19810041,206071144,Richmond (Vic.),828,25.63031063,3.874535195,906,1808,6.793416999,3494,13.20483749,196,6.648575305,727,3.109036519,60,1.963061722,927,3.964342302,493,8.005846054,6158
537.0273752,910.6387547,58.97260274,206071145,Yarra - North,120.3789587,9.659201695,4.377393264,325.5845411,534.5324745,6.155282626,973.0112721,11.56755153,104.7858293,11.50684932,175.266774,2.356412849,15.59312936,1.404569132,228.907139,3.077592582,74.84702093,3.965631196,1887.392378
1229.630949,2975.59284,41.32389798,207011147,Balwyn,218.0258943,7.169487696,1.761777304,185.5632863,784.8054828,5.781785276,1512.58206,10.97949306,543.5293422,18.26625387,149.5912072,1.420250735,15.35393622,0.599639018,201.7945903,1.915880757,143.4496327,3.417284983,4197.766163
611,1128,54.16666667,207011146,Ashburton (Vic.),227,12.1189472,4.262822376,220,378,5.373898209,952,14.84947746,157,13.91843972,110,2.131411188,null,null,143,2.770834544,141,7.171922686,1966
681.8269977,1678.434752,40.62278839,207011152,Hawthorn East,91.86054789,4.370128345,1.999842035,223.7121102,646.587391,4.865766813,979.9778277,7.533329275,275.185693,16.39537627,132.2475129,1.182207504,11.87851912,0.48416526,182.5332439,1.631729519,63.74805263,2.023629965,3150.183272
1460.527113,4050.181347,36.06078317,207011153,Kew,214.620948,4.748765779,2.586100455,427.6638009,912.9280768,4.335606685,2029.430435,9.712624146,692.7837955,17.10500682,194.1057104,1.173765151,null,null,258.0185662,1.560248798,144.3957114,2.431247509,5939.161309
1573.369051,3807.40716,41.32389798,207011148,Balwyn North,278.9741057,7.169487696,1.761777304,237.4367137,1004.194517,5.781785276,1935.41794,10.97949306,695.4706578,18.26625387,191.4087928,1.420250735,19.64606378,0.599639018,258.2054097,1.915880757,183.5503673,3.417284983,5371.233837
1457.911016,3487.060102,41.80917373,207011149,Camberwell,182.238877,4.419436561,1.677751397,227.9379226,764.6230557,4.317588193,1768.887448,10.18417506,656.5058015,18.82691386,127.6229444,0.939376699,null,null,179.4523498,1.320870293,119.2633629,2.26143929,5273.781324
1158.088984,2769.939898,41.80917373,207011155,Surrey Hills (West) - Canterbury,144.761123,4.419436561,1.677751397,181.0620774,607.3769443,4.317588193,1405.112552,10.18417506,521.4941985,18.82691386,101.3770556,0.939376699,null,null,142.5476502,1.320870293,94.73663708,2.26143929,4189.218676
928,2346,39.55669224,207011150,Glen Iris - East,135,3.680275405,1.327417988,146,562,3.831731097,1119,8.250995428,510,21.73913043,97,0.88191469,null,null,138,1.254682755,88,2.044134727,4305
1040.173002,2560.565248,40.62278839,207011151,Hawthorn,140.1394521,4.370128345,1.999842035,341.2878898,986.412609,4.865766813,1495.022172,7.533329275,419.814307,16.39537627,201.7524871,1.182207504,18.12148088,0.48416526,278.4667561,1.631729519,97.25194737,2.023629965,4805.816728
1709.756869,2763.945804,61.8592762,207021156,Bulleen,240.2137749,13.65864933,3.501688453,247.6507339,728.0782838,8.244557666,2138.125706,21.51382497,438.0368837,15.84824432,191.1298457,2.702504302,16.36130975,1.26604271,247.6507339,3.501688453,152.457659,4.781898764,3188.224313
2888.243131,4669.054196,61.8592762,207021157,Doncaster,405.7862251,13.65864933,3.501688453,418.3492661,1229.921716,8.244557666,3611.874294,21.51382497,739.9631163,15.84824432,322.8701543,2.702504302,27.63869025,1.26604271,418.3492661,3.501688453,257.542341,4.781898764,5385.775687
3574,5428,65.84377303,207021158,Doncaster East,719,14.79371031,2.692123559,494,1877,8.087031452,4449,18.41930943,813,14.97789241,452,2.46323856,45,1.261979544,573,3.122645342,431,5.536998972,7784
2044.105588,3712.206992,55.06442913,207021159,Templestowe,330.3942094,11.52261989,2.570200223,276.9971654,928.8860768,6.80771269,2510.217284,17.07787785,640.208308,17.24602937,196.9015995,1.827009797,22.80498751,1.157236757,265.8727813,2.46697933,208.0259837,4.415063157,4711.732908
390.4728866,1082.818653,36.06078317,207011154,Kew East,57.37905195,4.748765779,2.586100455,114.3361991,244.0719232,4.335606685,542.5695648,9.712624146,185.2162045,17.10500682,51.89428963,1.173765151,null,null,68.98143378,1.560248798,38.60428863,2.431247509,1587.838691
711.8918366,858.8713002,82.88690476,212031304,Cranbourne West,588.5568954,24.28442011,6.535010761,435.506541,940.6685668,10.35088953,1614.537455,21.09019575,22.68596068,2.641369048,352.431192,5.2884203,77.96301981,5.936898684,465.8609954,6.990495737,306.1007089,13.19559229,2319.71936
1630.894412,2961.793008,55.06442913,207021160,Templestowe Lower,263.6057906,11.52261989,2.570200223,221.0028346,741.1139232,6.80771269,2002.782716,17.07787785,510.791692,17.24602937,157.0984005,1.827009797,18.19501249,1.157236757,212.1272187,2.46697933,165.9740163,4.415063157,3759.267092
2591.912125,3986.303483,65.02044154,207031161,Blackburn,416.5573059,10.21525587,3.457534467,447.8479955,1177.964087,6.916746411,3287.478081,19.14142564,463.4933403,11.62714636,286.1794324,2.209399754,28.68313217,1.229513895,376.7920545,2.908959129,256.1925215,4.837518464,5295.949222
1384.087875,2128.696517,65.02044154,207031162,Blackburn South,222.4426941,10.21525587,3.457534467,239.1520045,629.0359128,6.916746411,1755.521919,19.14142564,247.5066597,11.62714636,152.8205676,2.209399754,15.31686783,1.229513895,201.2079455,2.908959129,136.8074785,4.837518464,2828.050778
1882.144041,2802.143449,67.16801174,207031163,Box Hill,403.9773938,12.43363887,3.381854963,431.7315659,1222.72547,7.63478819,2555.439697,16.19807786,292.9607054,10.45487894,315.0612499,2.46794892,38.03349509,1.364699405,408.089123,3.196658144,257.4970411,5.804657629,4436.041839
651,1406,46.30156472,207031167,Surrey Hills (East) - Mont Albert,105,5.718908509,2.028575684,142,457,5.17202354,852,9.976580796,254,18.06543385,95,1.357145704,null,null,133,1.900003986,69,2.6953125,2560
1779.855959,2649.856551,67.16801174,207031164,Box Hill North,382.0226062,12.43363887,3.381854963,408.2684341,1156.27453,7.63478819,2416.560303,16.19807786,277.0392946,10.45487894,297.9387501,2.46794892,35.96650491,1.364699405,385.910877,3.196658144,243.5029589,5.804657629,4194.958161
1533.377752,2229.430195,68.77890842,207031165,Burwood,210.8781105,12.83063257,3.695412997,283.5769212,780.0943306,8.372530574,1964.414673,19.61692926,258.3127955,11.58649399,159.3186703,2.076150211,23.2017481,1.02405012,213.9716769,2.788357079,133.0233558,4.992260062,2664.591871
1440.622248,2094.569805,68.77890842,207031166,Burwood East,198.1218895,12.83063257,3.695412997,266.4230788,732.9056694,8.372530574,1845.585327,19.61692926,242.6872045,11.58649399,149.6813297,2.076150211,21.7982519,1.02405012,201.0283231,2.788357079,124.9766442,4.992260062,2503.408129
1205.658346,2652.174139,45.45924522,208011168,Beaumaris,108.3172964,3.96891968,1.786639731,148.0793419,389.393825,3.534389778,1402.640433,12.64524104,492.2267013,18.55936585,93.2351412,1.124921312,null,null,119.7431715,1.444751881,62.1567608,1.765087605,3521.45472
2427.062619,3620.517124,67.03635243,208021174,Bentleigh - McKinnon,422.059051,8.980469198,3.439224673,491.2124896,1137.239451,5.991021694,3192.658107,17.58879194,358.259427,9.895255699,281.5214177,1.971072451,33.46134125,1.378922539,378.3362318,2.648921456,259.2138569,4.554719348,5691.10492
1597.651749,4373.832529,36.52750166,208011169,Brighton (Vic.),241.154981,5.288311409,1.982989124,276.5166489,657.3792031,3.552520284,1972.137609,10.60771413,726.3634405,16.60702452,157.0985574,1.126603884,16.23158526,0.64285134,204.6339142,1.467495096,143.7654695,2.537603602,5665.402956
745,994,74.94969819,208021180,Hughesdale,154,10.85179205,3.423295531,179,405,6.092057762,1052,16.68252458,84,8.450704225,121,2.31407128,null,null,154,2.94518163,97,5.370985604,1806
1432.341654,3150.825861,45.45924522,208011173,Sandringham - Black Rock,128.6827036,3.96891968,1.786639731,175.9206581,462.606175,3.534389778,1666.359567,12.64524104,584.7732987,18.55936585,110.7648588,1.124921312,null,null,142.2568285,1.444751881,73.8432392,1.765087605,4183.54528
3012.937381,4494.482876,67.03635243,208021175,Bentleigh East,523.940949,8.980469198,3.439224673,609.7875104,1411.760549,5.991021694,3963.341893,17.58879194,444.740573,9.895255699,349.4785823,1.971072451,41.53865875,1.378922539,469.6637682,2.648921456,321.7861431,4.554719348,7064.89508
1473.510097,2206.285759,66.78691059,208021176,Carnegie,226.2565659,7.866338132,3.399412938,427.499843,800.425238,5.180089033,2081.219316,13.94826075,223.9826305,10.15202267,203.5172125,1.618337542,22.73935335,1.050843302,291.6322068,2.319014411,154.059119,3.783331007,4072.049702
688,1082,63.58595194,208021181,Murrumbeena,111,6.592657938,3.298748461,214,389,4.7607392,983,12.87829163,155,14.32532348,109,1.680203656,null,null,149,2.296792153,77,3.429844098,2245
1474.354371,3426.50877,43.02788845,208021177,Caulfield - North,289.4103024,7.170717172,2.852216413,395.8914515,965.4290844,5.388601036,2049.898633,11.6819667,522.5767159,15.25099602,235.3506422,1.695593481,25.6646872,0.984328536,319.9895042,2.30537768,163.2710952,3.30971884,4933.080514
1225.645629,2848.49123,43.02788845,208021178,Caulfield - South,240.5896976,7.170717172,2.852216413,329.1085485,802.5709156,5.388601036,1704.101367,11.6819667,434.4232841,15.25099602,195.6493578,1.695593481,21.3353128,0.984328536,266.0104958,2.30537768,135.7289048,3.30971884,4100.919486
890,1647,54.0376442,208021179,Elsternwick,241,10.66305512,3.1126406,235,533,5.433231397,1222,13.11158798,190,11.53612629,135,1.788112685,null,null,194,2.569584155,119,4.587509638,2594
1118.489903,1674.714241,66.78691059,208021182,Ormond - Glen Huntly,171.7434341,7.866338132,3.399412938,324.500157,607.574762,5.180089033,1579.780684,13.94826075,170.0173695,10.15202267,154.4827875,1.618337542,17.26064665,1.050843302,221.3677932,2.319014411,116.940881,3.783331007,3090.950298
901.218288,1317.301388,68.41397849,208031183,Aspendale Gardens - Waterways,168.6464478,8.791353636,3.589093601,217.7796649,455.9208431,5.708901452,1253.118356,16.7074862,124.8249299,9.475806452,117.0787019,1.929502556,15.27113504,1.512695856,164.2200318,2.706410012,103.5781333,4.41509434,2346.000455
1.234968534,1.805140648,68.41397849,208031184,Braeside,0.231101676,8.791353636,3.589093601,0.29843051,0.62476306,5.708901452,1.717188566,16.7074862,0.171051634,9.475806452,0.160436728,1.929502556,0.02092653,1.512695856,0.225036015,2.706410012,0.141936462,4.41509434,3.214800212
1287,1863,69.0821256,208031185,Carrum - Patterson Lakes,368,17.32351954,4.204357715,322,643,6.572625984,1812,18.72868217,172,9.232420827,207,2.702801389,30,2.455553758,280,3.655963231,219,7.108081792,3081
1775.420617,2249.627894,78.92063492,208031186,Chelsea - Bonbeach,397.7913451,15.93559517,5.192974973,466.3514333,799.8676957,6.969508401,2577.430816,22.72240761,127.1218302,5.650793651,292.80871,3.260520274,37.13671444,2.870263618,402.7905182,4.485203499,253.5294928,7.352941176,3448.001103
2768.477534,4022.396153,68.82657572,208031188,Cheltenham - Highett (East),473.0138712,11.86566402,4.411898729,616.2898236,1094.892473,6.097906055,3693.166305,20.2829399,411.5373101,10.23114816,336.3428386,2.407812827,50.29900457,2.222306306,470.4735175,3.368028214,290.1084001,5.265099124,5510.027318
1586.046029,2304.409326,68.82657572,208031190,Mentone,270.9871267,11.86566402,4.411898729,353.0691565,627.2580645,6.097906055,2115.7953,20.2829399,235.7675324,10.23114816,192.6890203,2.407812827,28.81603173,2.222306306,269.5317716,3.368028214,166.2015568,5.265099124,3156.665295
1242.892916,1816.723633,68.41397849,208031189,Edithvale - Aspendale,232.5845781,8.791353636,3.589093601,300.3454394,628.7719564,5.708901452,1728.207193,16.7074862,172.1492153,9.475806452,161.4661966,1.929502556,21.06080825,1.512695856,226.479996,2.706410012,142.8472212,4.41509434,3235.428514
1545,1936,79.80371901,212031305,Hampton Park - Lynbrook,1834,29.41955779,6.21233485,1052,2807,12.11584945,3656,18.92829407,45,2.324380165,883,5.214345696,175,4.975758422,1203,7.104029301,935,14.81540168,6311
1094.476436,1590.194521,68.82657572,208031191,Moorabbin - Heatherton,186.9990021,11.86566402,4.411898729,243.6410199,432.8494624,6.097906055,1460.038395,20.2829399,162.6951575,10.23114816,132.9681411,2.407812827,19.8849637,2.222306306,185.994711,3.368028214,114.6900432,5.265099124,2178.307387
0,0,68.82657572,208031192,Moorabbin Airport,0,11.86566402,4.411898729,0,0,6.097906055,0,20.2829399,0,10.23114816,0,2.407812827,0,2.222306306,0,3.368028214,0,5.265099124,0
1372.361514,1783.349838,76.95413903,209011196,Bundoora - East,325.6015135,18.43763071,5.685492467,361.608,856.9543784,10.54563869,1944.35027,23.56167799,135.2815135,7.585809057,214.4957838,3.372475617,37.03524324,2.994006996,270.0486486,4.245922539,186.204973,7.056530214,2638.761081
2221.447162,3248.68314,68.37992707,209011197,Greensborough,443.3868638,11.19997037,3.287081067,451.8484451,1250.621726,7.063658956,2949.14316,17.09502322,336.2068331,10.34901893,334.5145168,2.433506957,56.97464789,2.359193358,431.5406498,3.139347086,265.693655,4.662443081,5698.593
1926.653828,2816.169839,68.41397849,208031193,Mordialloc - Parkdale,360.5378725,8.791353636,3.589093601,465.5764652,974.6824374,5.708901452,2678.957262,16.7074862,266.8548032,9.475806452,250.2946647,1.929502556,32.64713018,1.512695856,351.0749362,2.706410012,221.4327091,4.41509434,5015.356231
234,315,74.28571429,209031211,Kinglake,165,19.48106494,5.7239819,151,247,7.087517934,489,16.21890547,31,9.841269841,87,3.297923347,20,4.484066499,117,4.435138294,88,9.214659686,955
311.5112961,617.3828775,50.45674369,209031212,Panton Hill - St Andrews,125.0689655,11.24981776,2.114259035,73.31629013,269.0475624,5.875108664,455.1581451,10.91748229,92.55766944,14.99193982,62.70035672,1.80812198,7.961950059,1.156718708,84.59571938,2.439529656,69.66706302,4.971590909,1401.30321
566.6809802,945.933625,59.90705534,209031213,Plenty - Yarrambat,168.2459046,8.363267553,2.415927834,155.0579833,496.3454002,5.887930217,814.8536803,10.86134342,129.0817748,13.64596536,97.91032451,1.525521441,13.98718922,1.019491997,139.8718922,2.179316345,97.51069053,3.985625613,2446.559211
409.7657551,812.1129608,50.45674369,209031214,Research - North Warrandyte,164.5172414,11.24981776,2.114259035,96.4411415,353.9084423,5.875108664,598.7205707,10.91748229,121.7514863,14.99193982,82.47681332,1.80812198,10.47324614,1.156718708,111.2782402,2.439529656,91.64090369,4.971590909,1843.29132
443,671,66.02086438,212031306,Lynbrook - Lyndhurst,558,14.31026803,2.465375468,238,910,6.71438058,990,9.428571429,38,5.66318927,194,2.009591768,48,3.46394832,290,3.004028931,271,8.369363805,3238
1312.979856,2947.585846,44.54424484,208041194,Malvern - Glen Iris,167.1867554,4.460121331,2.102393336,294.6605279,731.9936241,4.120666814,1735.114157,10.09268501,483.4197678,16.40053227,170.6187416,1.217359203,19.12106587,0.661412891,235.826479,1.682614301,109.3332741,2.276439363,4802.819519
1673.265013,2623.408316,63.78210371,209011198,Heidelberg - Rosanna,254.9164959,9.404540012,3.71160119,336.8845948,769.899316,6.531711935,2183.527157,18.43411471,356.6256029,13.59398004,185.8229676,2.047290848,30.8989692,1.890805155,255.7748006,2.817980012,154.0656937,4.124066628,3735.771207
1365.020144,3064.414154,44.54424484,208041195,Malvern East,173.8132446,4.460121331,2.102393336,306.3394721,761.0063759,4.120666814,1803.885843,10.09268501,502.5802322,16.40053227,177.3812584,1.217359203,19.87893413,0.661412891,245.173521,1.682614301,113.6667259,2.276439363,4993.180481
960,1243,77.23250201,209041217,Bundoora - West,192,21.83396417,5.874861702,260,545,10.27332705,1427,24.98686745,72,5.792437651,167,3.773468862,22,2.40532821,205,4.632102496,113,6.754333533,1673
1295.638486,1683.650162,76.95413903,209011204,Watsonia,307.3984865,18.43763071,5.685492467,341.392,809.0456216,10.54563869,1835.64973,23.56167799,127.7184865,7.585809057,202.5042162,3.372475617,34.96475676,2.994006996,254.9513514,4.245922539,175.795027,7.056530214,2491.238919
811,1136,71.39084507,209021205,Kingsbury,263,14.60461478,2.239384289,185,781,7.761876367,1102,11.61344715,76,6.690140845,157,1.900450451,22,0.767834884,192,2.324117749,155,6.837229819,2267
1542,2064,74.70930233,209011199,Heidelberg West,1168,42.18418289,11.24667217,1086,1526,12.28169014,3277,27.6306914,66,3.197674419,660,6.834994137,98,5.76067442,800,8.284841378,584,17.84841076,3272
880,1583,55.59065066,209011200,Ivanhoe,127,5.580124195,3.39491756,270,553,5.406198064,1278,13.19157721,226,14.27668983,139,1.747753855,null,null,182,2.288425911,74,2.56232687,2888
2098,2718,77.18910964,209041218,Epping,1919,25.2682226,5.785761297,1323,2904,9.533501855,4652,17.90952839,109,4.010301692,975,4.263883042,161,4.031570588,1240,5.422784587,1036,13.98488121,7408
446,1332,33.48348348,209011201,Ivanhoe East - Eaglemont,119,7.713880753,1.506498727,80,279,4.071209689,557,8.262869011,281,21.0960961,42,0.790911832,null,null,65,1.224030216,72,3.474903475,2072
1716.552838,2510.31686,68.37992707,209011202,Montmorency - Briar Hill,342.6131362,11.19997037,3.287081067,349.1515549,966.3782736,7.063658956,2278.85684,17.09502322,259.7931669,10.34901893,258.4854832,2.433506957,44.02535211,2.359193358,333.4593502,3.139347086,205.306345,4.662443081,4403.407
2225.734987,3489.591684,63.78210371,209011203,Viewbank - Yallambie,339.0835041,9.404540012,3.71160119,448.1154052,1024.100684,6.531711935,2904.472843,18.43411471,474.3743971,13.59398004,247.1770324,2.047290848,41.1010308,1.890805155,340.2251994,2.817980012,204.9343063,4.124066628,4969.228793
1334.423178,1668.920967,79.95724212,210011226,Airport West,179.7368117,14.44381209,4.843891849,220.991539,439.5300942,7.569415108,1738.496507,27.57693668,116.8512275,7.001603421,142.2730594,3.118469223,18.50887764,2.471889182,184.8657778,4.052054837,105.2553041,5.198237885,2024.826614
0,0,79.95724212,210011227,Essendon Airport,0,14.44381209,4.843891849,0,0,7.569415108,0,27.57693668,0,7.001603421,0,3.118469223,0,2.471889182,0,4.052054837,0,5.198237885,0
1532,2242,68.33184657,211041269,Forest Hill,267,13.85210436,4.731352689,306,649,7.730792138,1996,22.67666439,225,10.03568243,192,2.968691883,null,null,232,3.587169359,166,6.100698273,2721
1858.315463,2787.678171,66.66176471,211041270,Mitcham (Vic.),306.6445988,10.22666385,3.416570775,343.950292,885.9077247,6.780458724,2403.142565,18.44266163,347.2299134,12.45588235,202.9265727,2.015736035,25.00711301,1.399471991,275.4881957,2.736514375,185.2986078,4.437027584,4176.187872
3473,4140,83.88888889,209021206,Preston,1189,21.24545566,6.82372142,1525,2839,10.15924137,5932,22.2005988,221,5.338164251,1077,4.819113422,121,3.334702983,1384,6.192806849,699,9.337429869,7486
3796,4787,79.29809902,209021207,Reservoir - East,1291,29.71261032,8.429163577,1473,2331,10.68285976,6241,27.75381331,192,4.010862753,1008,5.768225992,97,3.34708574,1244,7.118723347,734,11.63048645,6311
3795,4617,82.19623132,209021208,Reservoir - West,1204,29.02378737,7.520349884,1173,1906,9.652587866,5758,28.18680243,251,5.436430583,743,4.763529381,88,3.447359259,907,5.814967899,684,11.12737921,6147
1514,2654,57.04596835,209031209,Eltham,323,6.379375522,2.260590198,359,1171,5.591100076,2100,11.10699741,413,15.56141673,253,1.593117883,28,0.911811991,332,2.090573665,190,2.97852328,6379
217.7229489,431.5041617,50.45674369,209031210,Hurstbridge,87.4137931,11.24981776,2.114259035,51.24256837,188.0439952,5.875108664,318.1212842,10.91748229,64.69084423,14.99193982,43.82282996,1.80812198,5.564803805,1.156718708,59.12604043,2.439529656,48.69203329,4.971590909,979.4054697
851.3190198,1421.066375,59.90705534,209031215,Wattle Glen - Diamond Creek,252.7540954,8.363267553,2.415927834,232.9420167,745.6545998,5.887930217,1224.14632,10.86134342,193.9182252,13.64596536,147.0896755,1.525521441,21.01281078,1.019491997,210.1281078,2.179316345,146.4893095,3.985625613,3675.440789
925,1163,79.53568358,210031236,Coburg North,195,15.27699434,6.665840263,307,538,9.146548793,1462,25.09009782,56,4.815133276,213,4.624833798,null,null,259,5.623624196,115,6.736965436,1707
511,664,76.95783133,209041216,Bundoora - North,171,13.85823826,4.360999892,186,490,8.910711038,797,15.99117175,40,6.024096386,86,2.016376294,null,null,111,2.602532193,100,6.963788301,1436
2296,2713,84.62956137,210031237,Fawkner,950,32.02409135,7.741462128,612,1256,11.55261221,3477,32.24520078,107,3.943973461,412,5.211572544,51,3.349790316,523,6.615661263,452,13.85228317,3263
3425.117951,3886.809417,88.12158209,209041219,Lalor,1630.255304,41.23932124,10.66437718,1449.829839,2224.917867,12.67887324,6044.005945,34.09743718,122.5904534,3.154012463,876.4228789,6.446621461,136.4313111,5.679271569,1111.717459,8.177355706,846.7638982,14.93070688,5671.291421
1434,1783,80.4262479,209041220,Mill Park - North,839,22.92830064,4.816703963,633,1494,8.892327838,2596,17.07782383,81,4.542905216,373,2.838278955,74,2.608603613,490,3.728570208,454,9.013301568,5037
1015,1283,79.11145752,209041221,Mill Park - South,565,24.19343363,5.813258034,513,1073,9.614695341,1966,19.11707507,61,4.754481684,354,4.011488,60,3.173502374,448,5.076685379,305,8.994396933,3391
2069,2627,78.75904073,209041222,South Morang,2113,14.61688209,2.726539369,924,3008,6.221946427,4270,11.48775895,158,6.014465169,783,2.310476543,147,2.777193836,1033,3.048176589,1109,10.46522601,10597
3503.882049,3976.190583,88.12158209,209041223,Thomastown,1667.744696,41.23932124,10.66437718,1483.170161,2276.082133,12.67887324,6182.994055,34.09743718,125.4095466,3.154012463,896.5771211,6.446621461,139.5686889,5.679271569,1137.282541,8.177355706,866.2361018,14.93070688,5801.708579
982.4137009,1394.433553,70.45252884,209041224,Wallan,639.0638243,19.08343672,4.364736943,382.3247274,871.6756326,7.199059881,1766.241257,17.0407067,105.1702325,7.542147294,269.7307138,3.079328976,50.72917095,3.347035924,361.2906809,4.124605785,327.2650175,10.07811012,3247.285589
605.5862991,859.5664472,70.45252884,209041225,Whittlesea,393.9361757,19.08343672,4.364736943,235.6752726,537.3243674,7.199059881,1088.758743,17.0407067,64.82976754,7.542147294,166.2692862,3.079328976,31.27082905,3.347035924,222.7093191,4.124605785,201.7349825,10.07811012,2001.714411
1228,1795,68.41225627,210011228,Keilor,157,10.93822573,3.215812628,173,469,6.88187821,1596,21.96229531,194,10.80779944,151,2.806865357,null,null,199,3.699113948,95,3.938640133,2412
4649.576822,5815.079033,79.95724212,210011229,Keilor East,626.2631883,14.44381209,4.843891849,770.008461,1531.469906,7.569415108,6057.503493,27.57693668,407.1487725,7.001603421,495.7269406,3.118469223,64.49112236,2.471889182,644.1342222,4.052054837,366.7446959,5.198237885,7055.173386
799,1087,73.5050598,210011230,Niddrie - Essendon West,149,11.02320194,2.926621495,126,306,5.409227506,1041,19.03107861,107,9.843606256,108,2.50853271,null,null,141,3.275028816,91,5.312317572,1713
839,1387,60.49026676,210011231,Strathmore,149,7.324203503,2.256506182,138,435,5.337423313,1109,14.48158788,214,15.42898342,111,1.815015842,null,null,144,2.354615147,88,3.609515997,2438
962.4419831,1608.169831,59.84703633,210021232,Gisborne,238.6118143,8.805814128,2.268294117,170.3491561,551.021097,5.391743892,1273.621308,13.69980816,150.6698312,9.369024857,150.6698312,2.006252919,31.97890295,2.341477222,190.6434599,2.538524102,126.0706751,4.068267513,3098.878692
276.5597935,462.1110926,59.84703633,210021233,Macedon,68.56562292,8.805814128,2.268294117,48.95019987,158.3371086,5.391743892,365.9778481,13.69980816,43.29530313,9.369024857,43.29530313,2.006252919,9.189207195,2.341477222,54.78181213,2.538524102,36.22668221,4.068267513,890.4695203
325.9982234,544.7190762,59.84703633,210021234,Riddells Creek,80.82256274,8.805814128,2.268294117,57.70064402,186.6417944,5.391743892,431.4008439,13.69980816,51.03486565,9.369024857,51.03486565,2.006252919,10.83188985,2.341477222,64.57472796,2.538524102,42.70264268,4.068267513,1049.651788
770,1237,62.24737268,210021235,Romsey,348,16.96599449,4.453141755,254,550,7.092198582,1234,17.402341,133,10.75181892,185,3.243430019,29,3.190887046,243,4.26028916,178,7.510548523,2370
4336,5130,84.52241715,210031238,Glenroy - Hadfield,1586,26.76611689,7.257324077,1374,2448,9.847936278,6847,28.07413178,240,4.678362573,932,4.922726375,130,3.871815396,1160,6.126998493,842,11.79932735,7136
1057,1230,85.93495935,210051247,Meadow Heights,2283,54.8323487,12.12829622,1266,2545,17.4291193,3624,30.27821873,null,null,1024,9.809933121,155,6.388066204,1254,12.01333607,1088,28.44444444,3825
9.58496732,14.2745098,67.1474359,210051248,Melbourne Airport,5.718954248,19.45372512,3.924597053,4.18627451,9.504901961,6.985541358,16.8251634,13.62667902,1.429738562,10.01602564,2.43627451,2.28398681,0.411764706,1.646242464,3.236928105,3.034592804,2.870915033,7.512720742,38.21405229
2679,3560,75.25280899,210031239,Pascoe Vale,770,18.8014529,4.407598455,649,1401,7.444208289,3815,20.61159436,221,6.207865169,479,3.253065731,64,2.749646624,600,4.074821376,412,7.52786406,5473
1168.987653,1532.474574,76.28104721,210041240,Sunbury,532.8855422,18.74091507,4.138849454,363.4869207,949.8667644,8.170368404,1895.961495,18.03267995,100.8161837,6.578652942,275.358488,3.13537369,54.18012591,3.116996499,367.2589547,4.181799779,298.6765169,8.567774936,3486.045316
2240.012347,2936.525426,76.28104721,210041241,Sunbury - South,1021.114458,18.74091507,4.138849454,696.5130793,1820.133236,8.170368404,3633.038505,18.03267995,193.1838163,6.578652942,527.641512,3.13537369,103.8198741,3.116996499,703.7410453,4.181799779,572.3234831,8.567774936,6679.954684
852.275539,1025.465221,83.11111111,210051250,Tullamarine,298.3902721,27.68881504,5.726625768,253.6183265,527.6119097,9.581771264,1356.026951,24.53196236,52.81481006,5.150326797,192.224461,4.340370693,31.36717146,3.962976508,250.1330852,5.647930066,161.125385,9.097789888,1771.038758
1448.115621,1819.435259,79.59148936,211011251,Bayswater,482.4987462,22.96207876,5.991611738,467.6335731,874.567689,8.828586613,2250.834973,23.11190257,102.8174479,5.65106383,307.8329613,3.944147064,52.02810614,3.926242703,413.4376292,5.297219649,280.5801438,8.958765945,3131.906175
1496,1721,86.92620569,210051242,Broadmeadows,1839,62.49585737,13.09741254,1043,2061,18.89785439,3617,36.61672403,20,1.162115049,1007,12.64534461,144,8.523711219,1209,15.181948,868,31.41512848,2763
3227.884379,4055.564741,79.59148936,211011252,Boronia - The Basin,1075.501254,22.96207876,5.991611738,1042.366427,1949.432311,8.828586613,5017.165027,23.11190257,229.1825521,5.65106383,686.1670387,3.944147064,115.9718939,3.926242703,921.5623708,5.297219649,625.4198562,8.958765945,6981.093825
1515.859369,2304.765311,65.77066057,211031265,Croydon Hills - Warranwood,605.6846784,14.86640135,2.940978418,367.1015951,967.5137192,5.843716413,2112.317078,14.00113582,298.5583888,12.95396054,195.7435794,1.568169821,32.95346455,1.248977297,275.4909636,2.207053822,346.0113778,6.914263137,5004.313127
2214,2510,88.20717131,210051243,Campbellfield - Coolaroo,2358,57.98917685,13.36882223,1370,2433,16.99734526,4937,37.94481592,54,2.151394422,1005,9.807055725,159,6.904865815,1263,12.32468794,1083,27.79060816,3897
1622,2134,76.00749766,210051244,Craigieburn - Mickleham,3365,30.35356744,4.385066387,1239,3693,9.387153351,4629,14.95493167,86,4.029990628,1194,4.225802474,207,3.795387592,1553,5.496374575,1659,17.80807213,9316
2326.724461,2799.534779,83.11111111,210051245,Gladstone Park - Westmeadows,814.6097279,27.68881504,5.726625768,692.3816735,1440.38809,9.581771264,3701.973049,24.53196236,144.1851899,5.150326797,524.775539,4.340370693,85.63282854,3.962976508,682.8669148,5.647930066,439.874615,9.097789888,4834.961242
828.4150327,1233.72549,67.1474359,210051246,Greenvale - Bulla,494.2810458,19.45372512,3.924597053,361.8137255,821.495098,6.985541358,1454.174837,13.62667902,123.5702614,10.01602564,210.5637255,2.28398681,35.58823529,1.646242464,279.7630719,3.034592804,248.129085,7.512720742,3302.785948
558.1383005,794.6173883,70.23988006,211011257,Rowville - North,213.6452548,11.53949429,2.368718872,135.0174473,526.9651546,6.978334034,818.8411068,12.33659398,68.89860913,8.670664668,117.7431562,2.065662193,20.64972723,1.676202417,160.6310513,2.818078776,120.3243721,5.379494008,2236.722858
833,1007,82.72095333,210051249,Roxburgh Park - Somerton,1927,29.29456853,7.217466582,1078,2939,13.66087199,3355,20.4722968,36,3.574975174,1034,6.922876109,163,4.704199916,1347,9.018485608,950,19.1377921,4964
3327,4102,81.10677718,211011253,Ferntree Gully,930,16.77991288,5.073451659,982,2034,8.16933087,5022,21.05660377,244,5.948317894,649,3.353024569,124,3.634595424,864,4.463810828,531,6.805947193,7802
1538,2047,75.13434294,211011254,Knoxfield - Scoresby,477,17.6056215,3.692285133,331,1050,8.994346411,2193,19.59085224,138,6.741573034,286,3.190312834,40,2.480407715,383,4.272342012,280,7.413290972,3777
452.4512213,644.151472,70.23988006,211011255,Lysterfield,173.1901509,11.53949429,2.368718872,109.4510247,427.1809112,6.978334034,663.7882735,12.33659398,55.85221409,8.670664668,95.44773185,2.065662193,16.73956849,1.676202417,130.2145279,2.818078776,97.54017791,5.379494008,1813.18499
784.1406307,1192.234689,65.77066057,211031268,Ringwood North,313.3153216,14.86640135,2.940978418,189.8984049,500.4862808,5.843716413,1092.682922,14.00113582,154.4416112,12.95396054,101.2564206,1.568169821,17.04653545,1.248977297,142.5090364,2.207053822,178.9886222,6.914263137,2588.686873
1052.380818,1498.266821,70.23988006,211011256,Rowville - Central,402.8323586,11.53949429,2.368718872,254.5780705,993.6032339,6.978334034,1543.941122,12.33659398,129.9096918,8.670664668,222.0070526,2.065662193,38.9354696,1.676202417,302.873028,2.818078776,226.8739863,5.379494008,4217.385241
748.0296604,1064.964319,70.23988006,211011258,Rowville - South,286.3322357,11.53949429,2.368718872,180.9534575,706.2507003,6.978334034,1097.429498,12.33659398,92.33948494,8.670664668,157.8020593,2.065662193,27.67523468,1.676202417,215.2813928,2.818078776,161.2614636,5.379494008,2997.70691
1703.47017,2353.397356,72.38344879,211011259,Wantirna,342.8090513,14.588096,3.258579164,311.0837921,913.4230892,7.67806215,2225.174433,18.43738591,186.3858981,7.919865194,225.6018436,2.363162227,32.16588785,1.679750094,312.4056779,3.272425818,204.4516707,5.293178188,3862.550314
2162.52983,2987.602644,72.38344879,211011260,Wantirna South,435.1909487,14.588096,3.258579164,394.9162079,1159.576911,7.67806215,2824.825567,18.43738591,236.6141019,7.919865194,286.3981564,2.363162227,40.83411215,1.679750094,396.5943221,3.272425818,259.5483293,5.293178188,4903.449686
1349.667869,2565.037404,52.61786307,211021261,Donvale - Park Orchards,263.7351892,8.237689296,2.03932183,212.0819839,690.9375809,5.07997498,1717.924838,13.01565378,393.7797295,15.35181237,148.8827681,1.431615611,20.05359733,0.950041548,198.1052343,1.904925262,150.7058224,3.500352858,4305.446579
871.332131,1655.962596,52.61786307,211021262,Warrandyte - Wonga Park,170.2648108,8.237689296,2.03932183,136.9180161,446.0624191,5.07997498,1109.075162,13.01565378,254.2202705,15.35181237,96.11723192,1.431615611,12.94640267,0.950041548,127.8947657,1.904925262,97.29417761,3.500352858,2779.553421
1221.059352,1715.432134,71.1808604,211031263,Bayswater North,385.1815348,16.00721713,4.83169223,382.1693625,803.1204436,7.785239799,1850.226845,18.96345464,150.6086158,8.779631255,269.9659438,3.413126433,40.66432626,2.97920126,357.3189409,4.517513228,224.030316,7.200774537,3111.19748
4207,5655,74.39434129,211031264,Croydon,1086,18.95288157,5.683228102,1145,2207,8.528809367,6179,23.64262483,447,7.904509284,807,4.005559021,124,3.62043732,1057,5.246438519,622,7.725748354,8051
2150,2898,74.18909593,211031266,Ringwood,506,16.08876407,5.873288985,646,1335,9.438631222,3183,22.65319194,232,8.005521049,514,4.673174208,76,4.108223634,640,5.818738313,289,6.764981273,4272
2021.940648,2840.567866,71.1808604,211031267,Ringwood East,637.8184652,16.00721713,4.83169223,632.8306375,1329.879556,7.785239799,3063.773155,18.96345464,249.3913842,8.779631255,447.0340562,3.413126433,67.33567374,2.97920126,591.6810591,4.517513228,370.969684,7.200774537,5151.80252
964.5080308,1352.758092,71.29937246,211051275,Chirnside Park,309.8510138,16.08697688,4.662919349,291.6244835,648.9144116,7.932728993,1449.133992,18.73043534,105.6140039,7.80730897,178.2704463,2.850448986,32.20852601,2.575011976,240.1907133,3.840520902,174.0259118,6.834673465,2546.221304
1666,2255,73.88026608,211051276,Healesville - Yarra Glen,592,21.88121202,6.397821096,537,850,7.658347599,2588,23.91424875,199,8.824833703,302,3.598029741,39,2.798743249,392,4.67029026,329,9.343936382,3521
1433,1641,87.32480195,211051277,Kilsyth,327,20.01287146,5.794241144,329,578,7.904814004,1999,26.92981274,68,4.143814747,199,3.504723367,39,3.654931145,254,4.473365504,187,8.03609798,2327
1800.429027,2546.240107,70.7093185,211051278,Lilydale - Coldstream,656.5687286,16.16649403,4.396983925,529.0796551,1091.448124,6.781674955,2726.141355,18.34167262,229.4803323,9.012517385,294.6414143,2.448655037,62.3279915,2.584496782,404.4236721,3.361014486,370.4265858,7.451203875,4971.365594
494.0687852,676.8370877,72.99670692,211051279,Monbulk - Silvan,192.0553097,15.12387735,4.080600957,153.7928399,358.1069992,7.107048068,775.6508447,17.08115183,55.72204344,8.232711306,104.0144811,2.759826734,23.77473854,3.346292464,140.4195495,3.725766091,109.5866854,7.062485037,1551.67317
1387,1833,75.66830333,211041271,Nunawading,291,12.84137306,4.61525002,349,721,7.336182336,1898,19.99367955,168,9.165302782,207,2.737411903,26,2.199871547,257,3.398622507,180,6.13706103,2933
1242.306219,1863.596358,66.66176471,211041272,Vermont,204.9955993,10.22666385,3.416570775,229.9349035,592.2399601,6.780458724,1606.529684,18.44266163,232.1273698,12.45588235,135.6588525,2.015736035,16.71755556,1.399471991,184.1671695,2.736514375,123.8743461,4.437027584,2791.831779
1432.378318,2148.725471,66.66176471,211041273,Vermont South,236.3598018,10.22666385,3.416570775,265.1148045,682.8523152,6.780458724,1852.327752,18.44266163,267.6427168,12.45588235,156.4145747,2.015736035,19.27533143,1.399471991,212.3446348,2.736514375,142.827046,4.437027584,3218.980349
749.8532881,1125.462237,66.62625038,211051274,Belgrave - Selby,296.8027119,14.14219426,3.499677171,247.3355932,667.6355254,7.28375763,1213.138441,14.55229989,111.5568814,9.912094574,205.7149831,2.910765978,28.9979661,2.290366456,266.7812881,3.774824204,170.9174237,6.082311521,2810.073492
1038,1382,75.10853835,212021294,Berwick - South,784,11.17802472,2.524577002,400,1555,6.802869892,1959,11.11678584,71,5.13748191,360,2.272119302,86,3.030048446,505,3.187278465,421,6.707025649,6277
711.5691028,998.0019153,71.29937246,211051280,Montrose,228.5936465,16.08697688,4.662919349,215.1469614,478.7388295,7.932728993,1069.103565,18.73043534,77.91709306,7.80730897,131.5196323,2.850448986,23.76195037,2.575011976,177.2015213,3.840520902,128.3882124,6.834673465,1878.483487
2186.922866,3067.239992,71.29937246,211051281,Mooroolbark,702.5553397,16.08697688,4.662919349,661.228555,1471.346759,7.932728993,3285.762443,18.73043534,239.4689031,7.80730897,404.2099215,2.850448986,73.02952363,2.575011976,544.6077653,3.840520902,394.5858757,6.834673465,5773.295209
719.528339,1079.94722,66.62625038,211051282,Mount Dandenong - Olinda,284.799661,14.14219426,3.499677171,237.3330508,640.6355593,7.28375763,1164.077695,14.55229989,107.0453898,9.912094574,197.3956271,2.910765978,27.82525424,2.290366456,255.992339,3.774824204,164.005322,6.082311521,2696.430814
1676.332288,2105.649075,79.61119014,212041310,Clayton South,439.3008975,22.24144884,6.342990074,531.1547215,918.0390347,8.870773238,2536.962683,23.88831437,88.35938506,4.196301565,271.5678275,3.243032519,29.95233392,1.933348941,359.428007,4.292248923,260.5853051,8.186951066,3182.934685
835.9312148,1145.162912,72.99670692,211051283,Mount Evelyn,324.9446903,15.12387735,4.080600957,260.2071601,605.8930008,7.107048068,1312.349155,17.08115183,94.27795656,8.232711306,175.9855189,2.759826734,40.22526146,3.346292464,237.5804505,3.725766091,185.4133146,7.062485037,2625.32683
2266,2799,80.95748482,212021296,Endeavour Hills,1366,26.06555441,5.881595322,1081,2339,9.902624894,4275,19.840349,131,4.680242944,759,4.129630758,132,3.570107964,967,5.261334576,719,10.00974523,7183
728.6183729,1093.590542,66.62625038,211051284,Upwey - Tecoma,288.3976271,14.14219426,3.499677171,240.3313559,648.7289153,7.28375763,1178.783864,14.55229989,108.3977288,9.912094574,199.8893898,2.910765978,28.17677966,2.290366456,259.2263729,3.774824204,166.0772542,6.082311521,2730.495695
741.5709729,1048.759893,70.7093185,211051285,Wandin - Seville,270.4312714,16.16649403,4.396983925,217.9203449,449.5518762,6.781674955,1122.858645,18.34167262,94.51966768,9.012517385,121.3585857,2.448655037,25.6720085,2.584496782,166.5763279,3.361014486,152.5734142,7.451203875,2047.634406
1780,2321,76.69108143,211051286,Yarra Valley,968,27.58143439,8.207796819,863,1304,9.298345693,3326,25.46512518,122,5.256355019,497,4.72685402,77,4.13891082,644,6.124937603,527,12.30733302,4282
600.8356764,927.5005467,64.78008865,212011287,Beaconsfield - Officer,286.8199781,14.41760624,3.043606496,177.4046392,514.8213058,6.584961372,938.252343,13.60759494,86.01437051,9.273781111,123.9618869,2.126726821,20.55490472,1.853922056,178.0370978,3.054457143,154.3199,7.000430354,2204.434474
786,1244,63.18327974,212011288,Bunyip - Garfield,231,11.74185635,3.441963824,182,583,8.035837354,1111,16.64170162,156,12.54019293,163,3.08263793,31,2.998996645,227,4.292998835,119,5.396825397,2205
1299.164324,2005.499453,64.78008865,212011289,Emerald - Cockatoo,620.1800219,14.41760624,3.043606496,383.5953608,1113.178694,6.584961372,2028.747657,13.60759494,185.9856295,9.273781111,268.0381131,2.126726821,44.44509528,1.853922056,384.9629022,3.054457143,333.6801,7.000430354,4766.565526
676,1057,63.95458846,212011290,Koo Wee Rup,377,22.32826929,5.150244841,227,455,7.463910761,1083,19.41556113,149,14.09649953,128,2.904102818,27,3.314683342,182,4.129271194,201,11.26681614,1784
1268.669255,1510.869749,83.96946565,212011291,Pakenham - North,1025.35263,25.57109712,4.450457325,431.9428168,1218.81539,8.886477689,2299.602541,20.16705276,59.89904695,3.964540754,399.5750088,4.116960523,98.96364278,5.364842933,549.1366043,5.657945746,532.3946347,15.46191248,3443.26509
2141.330745,2550.130251,83.96946565,212011292,Pakenham - South,1730.64737,25.57109712,4.450457325,729.0571832,2057.18461,8.886477689,3881.397459,20.16705276,101.1009531,3.964540754,674.4249912,4.116960523,167.0363572,5.364842933,926.8633957,5.657945746,898.6053653,15.46191248,5811.73491
2497.87187,3756.701874,66.4910859,212021293,Berwick - North,724.5502805,16.04045696,2.797307174,423.9228007,1270.246238,6.457229079,3253.626522,16.8892225,359.2308113,9.562398703,296.8220687,1.958617232,53.27575592,1.611786493,403.3735805,2.661710597,379.7800315,6.334094948,5995.805787
1393,1598,87.17146433,212021295,Doveton,1192,49.72024452,12.10109469,863,1424,14.9438556,2973,33.50991885,21,1.314142678,638,8.946116355,123,8.725965067,817,11.4560769,574,22.11093991,2596
1026,1367,75.05486467,212021297,Hallam,739,32.55366317,7.013010145,505,1151,12.15288776,2002,22.94555874,56,4.096561814,388,5.388213735,77,5.504316273,522,7.249091675,378,13.55324489,2789
2156,2608,82.66871166,212021298,Narre Warren,1411,22.80731878,5.044242027,927,2351,9.570916789,4086,19.07473974,90,3.450920245,751,4.086543433,141,3.7736966,984,5.354405777,726,10.38032599,6994
784.1281297,1179.298126,66.4910859,212021299,Narre Warren North,227.4497195,16.04045696,2.797307174,133.0771993,398.7537625,6.457229079,1021.373478,16.8892225,112.7691887,9.562398703,93.17793132,1.958617232,16.72424408,1.611786493,126.6264195,2.661710597,119.2199685,6.334094948,1882.194213
1516.108163,1829.1287,82.88690476,212031300,Cranbourne,1253.443105,24.28442011,6.535010761,927.493459,2003.331433,10.35088953,3438.462545,21.09019575,48.31403932,2.641369048,750.568808,5.2884203,166.0369802,5.936898684,992.1390046,6.990495737,651.8992911,13.19559229,4940.28064
889.4197206,1212.278713,73.36759371,212031301,Cranbourne East,484.1052538,20.51448287,3.224955369,208.1542651,598.443512,6.789456178,1322.585814,16.9683577,86.48663125,7.134220073,173.3397313,2.685570228,37.01334643,3.377195811,239.3041111,3.707563126,259.4598938,11.28466688,2299.225104
1291,1819,70.97306212,212031307,Narre Warren South,1560,18.45464229,3.160102036,625,2363,8.370231306,2710,12.22538007,120,6.597031336,589,2.978080159,118,2.900087759,815,4.120773055,802,10.48777298,7647
810.0111146,1104.044815,73.36759371,212031308,Pearcedale - Tooradin,440.8836763,20.51448287,3.224955369,189.5699683,545.0136589,6.789456178,1204.503549,16.9683577,78.76498683,7.134220073,157.8637236,2.685570228,33.70874436,3.377195811,217.9387136,3.707563126,236.2949605,11.28466688,2093.94715
1681.667712,2112.350925,79.61119014,212041309,Clarinda - Oakleigh South,440.6991025,22.24144884,6.342990074,532.8452785,920.9609653,8.870773238,2545.037317,23.88831437,88.64061494,4.196301565,272.4321725,3.243032519,30.04766608,1.933348941,360.571993,4.292248923,261.4146949,8.186951066,3193.065315
2923.825939,3558.692491,82.16011767,212041312,Dandenong North,1724.3843,38.01440465,8.66268135,1304.87884,2388.414334,12.18618848,5233.723208,27.63672261,145.0696246,4.076486657,887.6167235,5.892609033,137.5918089,4.914689496,1147.84471,7.620181016,915.2846416,15.24853619,6002.442662
1954.420551,3204.821897,60.98374927,212051323,Mount Waverley - North,307.8340244,11.14289706,2.798178498,279.9336596,879.7915017,6.891276634,2402.686411,17.9266558,548.2421673,17.10679048,161.8221155,1.61755169,14.88019453,0.731931197,227.3879727,2.272939012,187.862456,4.451790634,4219.930168
3262,3918,83.25676365,212041311,Dandenong,2067,35.7736923,10.19494304,1982,4368,17.3202744,6652,28.10545885,123,3.139356815,2009,10.33382471,350,9.306008368,2599,13.3686463,1082,17.10131184,6327
2257,2881,78.34085387,212041314,Keysborough,1183,25.79501991,5.138472052,774,1995,10.15318846,3764,20.61562055,123,4.26935092,616,4.089533313,69,2.358294339,770,5.111916641,650,11.78603808,5515
2549.051762,3033.495337,84.0301856,212041317,Springvale,1322.165926,34.2996249,6.425795931,895.2616261,2461.814796,13.84048141,4349.474244,25.26959022,87.85566752,2.896186009,811.7368718,5.826291819,77.33773549,2.78482576,1031.376041,7.402765596,737.4926457,14.24814726,5176.059961
3787,4517,83.83883108,212041315,Noble Park,2145,38.5221601,8.421041699,1714,3217,12.41030785,6757,26.84118535,180,3.98494576,1180,5.797449944,149,4.28557899,1503,7.384379039,1187,16.03620643,7402
986.1740614,1200.307509,82.16011767,212041316,Noble Park North,581.6156997,38.01440465,8.66268135,440.1211604,805.5856655,12.18618848,1765.276792,27.63672261,48.93037543,4.076486657,299.3832765,5.892609033,46.40819113,4.914689496,387.1552901,7.620181016,308.7153584,15.24853619,2024.557338
1570.948238,1869.504663,84.0301856,212041318,Springvale South,814.834074,34.2996249,6.425795931,551.7383739,1517.185204,13.84048141,2680.525756,25.26959022,54.14433248,2.896186009,500.2631282,5.826291819,47.66226451,2.78482576,635.6239594,7.402765596,454.5073543,14.24814726,3189.940039
1882.837362,2545.193444,73.97619881,212051319,Ashwood - Chadstone,424.9412926,13.82981662,4.914594865,590.6416708,1055.226333,6.992532247,2794.634874,18.97704244,208.4617662,8.19040952,312.2472181,2.598138009,47.21569917,1.961923575,412.9146522,3.435768808,261.0226388,6.19384843,4214.223867
1618,2174,74.425023,212051320,Clayton,406,18.91763645,2.404302551,373,1530,8.663646659,2247,12.63779528,135,6.20975161,334,2.152914349,42,0.687977082,436,2.810391186,253,7.305804216,3463
2773.715459,4660.320646,59.51769566,212051321,Glen Waverley - East,433.4092998,11.98297696,2.505736982,338.1945316,1205.53343,7.044266083,3339.280775,18.09110384,724.256597,15.54091772,219.0459966,1.622946568,13.00748199,0.466725114,308.0171734,2.282148144,263.7917347,4.410997042,5980.319918
2460.33194,3518.341184,69.928748,212051322,Glen Waverley - West,473.2391443,13.65097384,3.160332921,413.3807876,1242.188802,7.50703398,3172.492901,18.81942337,384.2190242,10.9204595,289.5711953,2.213797566,35.812692,1.390288376,397.0092713,3.035171222,282.9202668,5.455801105,5185.677801
1002.881146,1172.141941,85.55970149,213011328,Ardeer - Albion,645.3341171,46.78292377,6.596199354,341.364472,940.7751176,14.35291763,1743.561137,27.16062,42.4245404,3.619402985,455.9544677,8.810426427,51.17186832,5.196370793,556.3300556,10.74998793,347.9249679,18.73748675,1856.839034
2248.579449,3687.178103,60.98374927,212051324,Mount Waverley - South,354.1659756,11.14289706,2.798178498,322.0663404,1012.208498,6.891276634,2764.313589,17.9266558,630.7578327,17.10679048,186.1778845,1.61755169,17.11980547,0.731931197,261.6120273,2.272939012,216.137544,4.451790634,4855.069832
3033,3429,88.45144357,214011372,Frankston North,1506,41.59241456,11.86372215,1478,2123,13.20355744,5838,36.28791646,138,4.024496938,1152,9.246960705,227,9.24964795,1447,11.61488901,836,16.40180498,5097
2348.66806,3358.658816,69.928748,212051325,Mulgrave,451.7608557,13.65097384,3.160332921,394.6192124,1185.811198,7.50703398,3028.507099,18.81942337,366.7809758,10.9204595,276.4288047,2.213797566,34.187308,1.390288376,378.9907287,3.035171222,270.0797332,5.455801105,4950.322199
2344.162638,3168.806556,73.97619881,212051326,Oakleigh - Huntingdale,529.0587074,13.82981662,4.914594865,735.3583292,1313.773667,6.992532247,3479.365126,18.97704244,259.5382338,8.19040952,388.7527819,2.598138009,58.78430083,1.961923575,514.0853478,3.435768808,324.9773612,6.19384843,5246.776133
342,518,66.02316602,213011329,Cairnlea,603,24.35573154,3.574464815,244,979,10.52461836,1020,13.6,null,null,351,5.141955533,27,2.115661289,438,6.416457332,317,13.64614722,2323
2557.284541,4296.679354,59.51769566,212051327,Wheelers Hill,399.5907002,11.98297696,2.505736982,311.8054684,1111.46657,7.044266083,3078.719225,18.09110384,667.743403,15.54091772,201.9540034,1.622946568,11.99251801,0.466725114,283.9828266,2.282148144,243.2082653,4.410997042,5513.680082
1687,2000,84.35,213011330,Deer Park - Derrimut,1456,24.61388694,5.272012919,920,2586,11.06736283,3887,19.71495232,68,3.4,1022,5.856518699,146,5.084202594,1285,7.36362674,769,12.90918247,5957
703,812,86.57635468,213011331,Delahey,413,22.09392523,6.55363393,397,1007,12.7034187,1562,22.29517556,null,null,384,6.339031308,54,4.085622868,470,7.758710195,221,10.0591716,2197
2328.551846,2766.648166,84.16508739,213011334,St Albans - North,1856.083608,47.41719234,9.018448271,1192.530806,2462.544072,14.36924227,4887.803351,30.1354118,53.01431524,1.916192883,1246.127696,9.423771788,131.6619258,5.340368033,1486.731126,11.24332193,993.2901922,19.61348211,5064.323543
1479,1833,80.68739771,213011332,Keilor Downs,682,27.94346924,6.208240907,598,1316,10.90035617,2708,23.26260631,67,3.655210038,480,4.983203404,67,3.369614245,603,6.260149276,359,9.464803586,3793
1668.448154,1982.351834,84.16508739,213011333,Kings Park (Vic.),1329.916392,47.41719234,9.018448271,854.4691945,1764.455928,14.36924227,3502.196649,30.1354118,37.98568476,1.916192883,892.8723043,9.423771788,94.33807423,5.340368033,1065.268874,11.24332193,711.7098078,19.61348211,3628.676457
2306.514435,2642.227007,87.29433272,213011335,St Albans - South,1518.555969,45.65412833,7.366427917,829.620637,2391.650177,16.39418898,4187.953958,29.637226,57.36096107,2.170932358,1124.274837,9.982742926,114.1181226,5.305727503,1321.113503,11.73052713,816.337046,19.57151129,4171.047569
1513.485565,1733.772993,87.29433272,213011337,Sunshine North,996.4440305,45.65412833,7.366427917,544.379363,1569.349823,16.39418898,2748.046042,29.637226,37.63903893,2.170932358,737.725163,9.982742926,74.88187744,5.305727503,866.8864966,11.73052713,535.662954,19.57151129,2736.952431
1237.741037,1446.6402,85.55970149,213011336,Sunshine,796.4617969,46.78292377,6.596199354,421.3069688,1161.090698,14.35291763,2151.877298,27.16062,52.35973859,3.619402985,562.7322421,8.810426427,63.15556098,5.196370793,686.614304,10.74998793,429.4038356,18.73748675,2291.683198
2345.377817,2741.217859,85.55970149,213011338,Sunshine West,1509.204086,46.78292377,6.596199354,798.3285592,2200.134184,14.35291763,4077.561565,27.16062,99.215721,3.619402985,1066.31329,8.810426427,119.6725707,5.196370793,1301.05564,10.74998793,813.6711965,18.73748675,4342.477768
2489,2939,84.68866962,213021343,Altona North,880,33.84318185,7.009259086,595,1240,11.18225268,3617,31.22949404,144,4.899625723,493,5.807671814,71,4.917675084,623,7.339106572,440,13.04090101,3374
301,399,75.43859649,213021345,Seabrook,267,21.65633481,3.893790492,138,382,7.996650618,598,14.86822476,22,5.513784461,126,3.555200015,null,null,162,4.570971448,148,10.82662765,1367
1280.816437,1879.707879,68.1391216,213021346,Williamstown,335.9518525,10.52842251,3.868413093,410.3957288,775.9342501,5.622795491,1963.218638,15.49412474,176.5656043,9.393247017,274.8696975,2.590937142,29.58666882,1.847251237,362.1980909,3.414099463,197.0853907,5.040888563,3909.735124
1403.183563,2059.292121,68.1391216,213021344,Newport,368.0481475,10.52842251,3.868413093,449.6042712,850.0657499,5.622795491,2150.781362,15.49412474,193.4343957,9.393247017,301.1303025,2.590937142,32.41333118,1.847251237,396.8019091,3.414099463,215.9146093,5.040888563,4283.264876
1574,1796,87.63919822,213031347,Braybrook,1291,37.61481142,7.056032615,864,2292,14.62014416,3307,23.23310384,38,2.115812918,1059,8.648539976,125,4.837758306,1303,10.64121585,699,18.82574737,3713
1254.928345,1460.144576,85.94548552,213031352,Yarraville,394.2639103,13.84929991,3.759543345,393.6420429,938.3978558,7.04646276,1926.545101,15.99132814,69.64914503,4.770017036,350.1113272,3.343796056,41.04324618,3.233469317,452.0975753,4.317832562,233.2002624,6.364562118,3664.042522
1228.290872,1484.654334,82.73244782,213031348,Footscray,519.4881577,23.90702213,5.408963728,606.8207656,1506.064908,11.2462134,2256.5619,17.61833539,49.58238382,3.339658444,663.1643836,5.911188773,68.17577775,3.553188032,826.5608757,7.367641401,312.1436436,10.22517534,3052.697222
1826,2370,77.0464135,213041353,Bacchus Marsh,942,21.33008162,5.245949443,637,1327,8.013768947,3177,21.43869357,151,6.371308017,459,3.780048343,115,5.194918189,613,5.048299856,496,10.5734385,4691
1226,1611,76.10180012,213041354,Caroline Springs,1781,21.77744346,2.755752374,545,2124,7.597925237,2665,12.21132698,70,4.34512725,645,3.261395011,86,2.708820765,815,4.120987494,936,13.1092437,7140
691.7579901,821.5879318,84.19768151,213041355,Hillside,797.5267843,16.18300771,2.857558611,324.825491,1189.021705,7.296665436,1452.691779,11.64650565,39.60063857,4.820012203,305.7770826,2.689985729,50.12739059,2.603014135,412.0471506,3.624866015,426.08282,10.07228345,4230.250492
1656.883693,2090.071897,79.27400468,213041356,Melton,1742.542378,38.879015,7.817306111,1070.488815,1953.996958,10.75054534,3913.867655,24.4227245,63.63216547,3.044496487,843.3709316,6.158764714,205.5808423,7.932926094,1076.852031,7.863773866,902.1083151,19.38571579,4653.469209
1479.223377,1865.962724,79.27400468,213041357,Melton South,1555.69726,38.879015,7.817306111,955.70503,1744.4785,10.75054534,3494.200924,24.4227245,56.80916959,3.044496487,752.9399939,6.158764714,183.5373171,7.932926094,961.385947,7.863773866,805.3792274,19.38571579,4154.498272
644,949,67.86090622,213031349,Maribyrnong,359,18.85352894,2.338292543,206,934,8.717565802,1033,10.47348677,68,7.165437302,231,2.62206591,24,1.47072594,322,3.655000965,214,8.240277243,2597
763.0716548,887.8554239,85.94548552,213031350,Seddon - Kingsville,239.7360897,13.84929991,3.759543345,239.3579571,570.6021442,7.04646276,1171.454899,15.99132814,42.35085497,4.770017036,212.8886728,3.343796056,24.95675382,3.233469317,274.9024247,4.317832562,141.7997376,6.364562118,2227.957478
817.7947255,1064.581125,76.81845062,213051361,Hoppers Crossing - North,1477.570609,26.85408259,2.913035198,450.7629126,1934.629093,9.222965875,2011.435064,11.93411026,64.84438547,6.091070373,564.712755,3.649430967,108.2838282,3.806847345,742.8774258,4.800812198,720.2133687,14.5030426,4965.946724
2038.17232,2688.339691,75.81528208,213051362,Hoppers Crossing - South,1332.971097,34.99834031,5.223594405,699.4418669,1873.070763,10.89075755,3414.018627,20.88716624,203.4972678,7.569626279,693.0425817,5.175803057,139.5044163,5.358517776,907.4186342,6.776813236,669.3652267,13.1771227,5079.752552
453,479,94.57202505,213051363,Laverton,298,21.84382053,6.259754175,290,721,12.02267801,1050,20.30947776,null,null,387,8.35353402,55,7.201122791,463,9.994021321,165,12.46223565,1324
868,1232,70.45454545,213051364,Point Cook,1878,15.85505994,1.364604877,374,2345,5.974217874,1911,6.571752811,95,7.711038961,540,1.970285117,91,2.652132683,739,2.69637167,1010,11.12212311,9081
853,1223,69.74652494,213051365,Tarneit,1738,22.07166124,2.139525444,408,2320,8.610451306,2169,10.49956433,74,6.050695012,598,3.135873078,128,3.893359247,820,4.300026628,846,14.21848739,5950
481.2052745,626.4188754,76.81845062,213051366,Truganina,869.4293913,26.85408259,2.913035198,265.2370874,1138.370907,9.222965875,1183.564936,11.93411026,38.15561453,6.091070373,332.287245,3.649430967,63.71617184,3.806847345,437.1225742,4.800812198,423.7866313,14.5030426,2922.053276
2792,3533,79.02632324,213051367,Werribee,1713,24.76029924,6.084026298,1312,3286,11.53670611,5609,21.95303327,156,4.415510897,1430,6.631217688,297,7.001964396,1806,8.374810591,919,11.65208571,7887
1146.82768,1512.660309,75.81528208,213051368,Werribee - South,750.0289033,34.99834031,5.223594405,393.5581331,1053.929237,10.89075755,1920.981373,20.88716624,114.5027322,7.569626279,389.9574183,5.175803057,78.49558374,5.358517776,510.5813658,6.776813236,376.6347733,13.1771227,2858.247448
856,1208,70.86092715,213051369,Wyndham Vale,1677,27.97794231,3.829037743,542,1864,9.251079458,2347,14.99201533,42,3.476821192,641,4.528437626,147,6.317167284,817,5.771815196,811,17.18220339,4720
2131.677372,2657.117622,80.22517912,214011370,Carrum Downs,1152.052226,28.61749693,6.599123816,899.6668468,1710.128517,9.684275373,3812.433452,23.06199,93.01271512,3.500511771,683.1811122,5.011184712,149.5818518,6.56021869,937.1982933,6.874419792,664.143422,13.2963084,4994.945982
2804,3646,76.90619857,214011371,Frankston,1236,31.25809757,9.996773874,1495,2087,11.03707229,5292,28.11454072,213,5.842018651,1019,6.813854567,217,7.66561089,1304,8.719594068,715,12.96934518,5513
2320,3574,64.91326245,214011373,Frankston South,1007,27.65892717,3.02406236,341,938,6.28812764,2863,18.9602649,349,9.764969222,258,2.288000261,44,2.060675185,358,3.174822068,582,11.89697465,4892
1787.322628,2227.882378,80.22517912,214011375,Seaford (Vic.),965.9477741,28.61749693,6.599123816,754.3331532,1433.871483,9.684275373,3196.566548,23.06199,77.98728488,3.500511771,572.8188878,5.011184712,125.4181482,6.56021869,785.8017067,6.874419792,556.856578,13.2963084,4188.054018
804.1469983,1073.898572,74.88109394,214011376,Skye - Sandhurst,497.3644396,19.07928432,3.216436954,247.7245219,723.7003752,7.020314629,1310.769184,14.6705731,70.86964415,6.599286564,203.6704188,2.644441723,38.62714839,2.744962213,275.4977608,3.577042644,276.7746914,9.274711168,2984.186638
2076,2797,74.22238112,214021377,Dromana,465,27.62154265,6.865328873,372,615,8.659532526,2721,32.70432692,269,9.617447265,258,4.761437767,36,4.565449195,329,6.071755912,265,10.40439733,2547
652.3786074,1187.980731,54.91491491,214021378,Flinders,132.4735269,10.59257267,2.729010995,88.94990856,249.4878451,5.531825133,809.1112003,17.87046278,163.6297783,13.77377377,62.55033677,1.919063882,7.848521344,1.446354386,84.9067309,2.604965041,75.63120567,5.207139348,1452.452117
2605,3451,75.48536656,214021379,Hastings - Somers,1228,29.52343093,7.169749287,979,1685,9.458852588,4418,25.4801315,276,7.997681831,703,5.148451225,158,5.210064828,905,6.627807053,698,13.12030075,5320
3308.716994,4575.071629,72.32055064,214021380,Mornington,912.0902388,19.9084339,5.296772919,756.8886938,1471.603055,7.798206144,4620.057584,24.10727385,379.0066713,8.284169125,504.9673455,3.533805409,95.59515449,3.872702736,669.7284059,4.686817642,539.8314607,8.725686239,6186.693469
1790,3590,49.86072423,214021381,Mount Eliza,286,7.25871477,2.484551586,265,697,4.772011502,2165,14.88688716,569,15.84958217,129,1.209460961,null,null,178,1.668868612,164,3.422370618,4792
2090.621393,3807.019269,54.91491491,214021382,Mount Martha,424.5264731,10.59257267,2.729010995,285.0500914,799.5121549,5.531825133,2592.8888,17.87046278,524.3702217,13.77377377,200.4496632,1.919063882,25.15147866,1.446354386,272.0932691,2.604965041,242.3687943,5.207139348,4654.547883
3179,4831,65.80418133,214021383,Point Nepean,841,30.32828802,7.524021101,681,1148,9.709066306,4373,31.18448264,506,10.47402194,429,4.739801839,54,4.358313764,588,6.496511611,479,11.36148008,4216
5175,6641,77.92501129,214021384,Rosebud - McCrae,1082,33.62576762,11.06842996,1188,1508,10.80926098,7071,40.23328592,358,5.390754404,764,7.118081221,140,8.096090922,974,9.074621871,622,11.92256086,5217
2575.283006,3560.928371,72.32055064,214021385,Somerville,709.9097612,19.9084339,5.296772919,589.1113062,1145.396945,7.798206144,3595.942416,24.10727385,294.9933287,8.284169125,393.0326545,3.533805409,74.40484551,3.872702736,521.2715941,4.686817642,420.1685393,8.725686239,4815.306531
